ProviderNumber,HospitalName,Address1,City,ZipCode,CountyName,PhoneNumber
10018,CALLAHAN EYE FOUNDATION HOSPITAL,1720 UNIVERSITY BLVD,BIRMINGHAM,35233,JEFFERSON,2053258100
10018,CALLAHAN EYE FOUNDATION HOSPITAL,1720 UNIVERSITY BLVD,BIRMINGHAM,35233,JEFFERSON,2053258100
10018,CALLAHAN EYE FOUNDATION HOSPITAL,1720 UNIVERSITY BLVD,BIRMINGHAM,35233,JEFFERSON,2053258100
10018,CALLAHAN EYE FOUNDATION HOSPITAL,1720 UNIVERSITY BLVD,BIRMINGHAM,35233,JEFFERSON,2053258100
10018,CALLAHAN EYE FOUNDATION HOSPITAL,1720 UNIVERSITY BLVD,BIRMINGHAM,35233,JEFFERSON,2053258100
10018,CALLAHAN EYE FOUNDATION HOSPITAL,1720 UNIVERSITY BLVD,BIRMINGHAM,35233,JEFFERSON,2053258100
10018,CALLAHAN EYE FOUNDATION HOSPITAL,1720 UNIVERSITY BLVD,BIRMINGHAM,35233,JEFFERSON,2053258100
10018,CALLAHAN EYE FOUNDATION HOSPITAL,1720 UNIVERSITY BLVD,BIRMINGHAM,35233,JEFFERSON,2053258100
10019,HELEN KELLER MEMORIAL HOSPITAL,1300 SOUTH MONTGOMERY AVENUE,SHEFFIELD,35660,JEFFERSON,2563864556
10019,HELEN KELLER MEMORIAL HOSPITAL,1300 SOUTH MONTGOMERY AVENUE,SHEFFIELD,35660,JEFFERSON,2563864556
10019,HELEN KELLER MEMORIAL HOSPITAL,1300 SOUTH MONTGOMERY AVENUE,SHEFFIELD,35660,JEFFERSON,2563864556
10019,HELEN KELLER MEMORIAL HOSPITAL,1300 SOUTH MONTGOMERY AVENUE,SHEFFIELD,35660,JEFFERSON,2563864556
10019,HELEN KELLER MEMORIAL HOSPITAL,1300 SOUTH MONTGOMERY AVENUE,SHEFFIELD,35660,JEFFERSON,2563864556
10019,HELEN KELLER MEMORIAL HOSPITAL,1300 SOUTH MONTGOMERY AVENUE,SHEFFIELD,35660,JEFFERSON,2563864556
10019,HELEN KELLER MEMORIAL HOSPITAL,1300 SOUTH MONTGOMERY AVENUE,SHEFFIELD,35660,JEFFERSON,2563864556
10019,HELEN KELLER MEMORIAL HOSPITAL,1300 SOUTH MONTGOMERY AVENUE,SHEFFIELD,35660,JEFFERSON,2563864556
10019,HELEN KELLER MEMORIAL HOSPITAL,1300 SOUTH MONTGOMERY AVENUE,SHEFFIELD,35660,JEFFERSON,2563864556
10019,HELEN KELLER MEMORIAL HOSPITAL,1300 SOUTH MONTGOMERY AVENUE,SHEFFIELD,35660,JEFFERSON,2563864556
10019,HELEN KELLER MEMORIAL HOSPITAL,1300 SOUTH MONTGOMERY AVENUE,SHEFFIELD,35660,JEFFERSON,2563864556
10001,SOUTHEAST ALABAMA MEDICAL CENTER,1108 ROSS CLARK CIRCLE,DOTHAN,36302,HOUSTON,3347938701
10001,SOUTHEAST ALABAMA MEDICAL CENTER,1108 ROSS CLARK CIRCLE,DOTHAN,36302,HOUSTON,3347938701
10001,SOUTHEAST ALABAMA MEDICAL CENTER,1108 ROSS CLARK CIRCLE,DOTHAN,36302,HOUSTON,3347938701
10001,SOUTHEAST ALABAMA MEDICAL CENTER,1108 ROSS CLARK CIRCLE,DOTHAN,36302,HOUSTON,3347938701
10001,SOUTHEAST ALABAMA MEDICAL CENTER,1108 ROSS CLARK CIRCLE,DOTHAN,36302,HOUSTON,3347938701
10001,SOUTHEAST ALABAMA MEDICAL CENTER,1108 ROSS CLARK CIRCLE,DOTHAN,36302,HOUSTON,3347938701
10001,SOUTHEAST ALABAMA MEDICAL CENTER,1108 ROSS CLARK CIRCLE,DOTHAN,36302,HOUSTON,3347938701
10001,SOUTHEAST ALABAMA MEDICAL CENTER,1108 ROSS CLARK CIRCLE,DOTHAN,36302,HOUSTON,3347938701
10001,SOUTHEAST ALABAMA MEDICAL CENTER,1108 ROSS CLARK CIRCLE,DOTHAN,36302,HOUSTON,3347938701
10001,SOUTHEAST ALABAMA MEDICAL CENTER,1108 ROSS CLARK CIRCLE,DOTHAN,36302,HOUSTON,3347938701
10001,SOUTHEAST ALABAMA MEDICAL CENTER,1108 ROSS CLARK CIRCLE,DOTHAN,36302,HOUSTON,3347938701
10001,SOUTHEAST ALABAMA MEDICAL CENTER,1108 ROSS CLARK CIRCLE,DOTHAN,36302,HOUSTON,3347938701
10001,SOUTHEAST ALABAMA MEDICAL CENTER,1108 ROSS CLARK CIRCLE,DOTHAN,36302,HOUSTON,3347938701
10001,SOUTHEAST ALABAMA MEDICAL CENTER,1108 ROSS CLARK CIRCLE,DOTHAN,36302,HOUSTON,3347938701
10001,SOUTHEAST ALABAMA MEDICAL CENTER,1108 ROSS CLARK CIRCLE,DOTHAN,36302,HOUSTON,3347938701
10001,SOUTHEAST ALABAMA MEDICAL CENTER,1108 ROSS CLARK CIRCLE,DOTHAN,36302,HOUSTON,3347938701
10001,SOUTHEAST ALABAMA MEDICAL CENTER,1108 ROSS CLARK CIRCLE,DOTHAN,36302,HOUSTON,3347938701
10001,SOUTHEAST ALABAMA MEDICAL CENTER,1108 ROSS CLARK CIRCLE,DOTHAN,36302,HOUSTON,3347938701
10001,SOUTHEAST ALABAMA MEDICAL CENTER,1108 ROSS CLARK CIRCLE,DOTHAN,36302,HOUSTON,3347938701
10001,SOUTHEAST ALABAMA MEDICAL CENTER,1108 ROSS CLARK CIRCLE,DOTHAN,36302,HOUSTON,3347938701
10001,SOUTHEAST ALABAMA MEDICAL CENTER,1108 ROSS CLARK CIRCLE,DOTHAN,36302,HOUSTON,3347938701
10001,SOUTHEAST ALABAMA MEDICAL CENTER,1108 ROSS CLARK CIRCLE,DOTHAN,36302,HOUSTON,3347938701
10001,SOUTHEAST ALABAMA MEDICAL CENTER,1108 ROSS CLARK CIRCLE,DOTHAN,36302,HOUSTON,3347938701
10001,SOUTHEAST ALABAMA MEDICAL CENTER,1108 ROSS CLARK CIRCLE,DOTHAN,36302,HOUSTON,3347938701
10001,SOUTHEAST ALABAMA MEDICAL CENTER,1108 ROSS CLARK CIRCLE,DOTHAN,36302,HOUSTON,3347938701
10005,MARSHALL MEDICAL CENTER SOUTH,2505 U S HIGHWAY 431 NORTH,BOAZ,35957,MARSHALL,2565938310
10005,MARSHALL MEDICAL CENTER SOUTH,2505 U S HIGHWAY 431 NORTH,BOAZ,35957,MARSHALL,2565938310
10005,MARSHALL MEDICAL CENTER SOUTH,2505 U S HIGHWAY 431 NORTH,BOAZ,35957,MARSHALL,2565938310
10005,MARSHALL MEDICAL CENTER SOUTH,2505 U S HIGHWAY 431 NORTH,BOAZ,35957,MARSHALL,2565938310
10005,MARSHALL MEDICAL CENTER SOUTH,2505 U S HIGHWAY 431 NORTH,BOAZ,35957,MARSHALL,2565938310
10005,MARSHALL MEDICAL CENTER SOUTH,2505 U S HIGHWAY 431 NORTH,BOAZ,35957,MARSHALL,2565938310
10005,MARSHALL MEDICAL CENTER SOUTH,2505 U S HIGHWAY 431 NORTH,BOAZ,35957,MARSHALL,2565938310
10005,MARSHALL MEDICAL CENTER SOUTH,2505 U S HIGHWAY 431 NORTH,BOAZ,35957,MARSHALL,2565938310
10005,MARSHALL MEDICAL CENTER SOUTH,2505 U S HIGHWAY 431 NORTH,BOAZ,35957,MARSHALL,2565938310
10005,MARSHALL MEDICAL CENTER SOUTH,2505 U S HIGHWAY 431 NORTH,BOAZ,35957,MARSHALL,2565938310
10005,MARSHALL MEDICAL CENTER SOUTH,2505 U S HIGHWAY 431 NORTH,BOAZ,35957,MARSHALL,2565938310
10005,MARSHALL MEDICAL CENTER SOUTH,2505 U S HIGHWAY 431 NORTH,BOAZ,35957,MARSHALL,2565938310
10005,MARSHALL MEDICAL CENTER SOUTH,2505 U S HIGHWAY 431 NORTH,BOAZ,35957,MARSHALL,2565938310
10005,MARSHALL MEDICAL CENTER SOUTH,2505 U S HIGHWAY 431 NORTH,BOAZ,35957,MARSHALL,2565938310
10005,MARSHALL MEDICAL CENTER SOUTH,2505 U S HIGHWAY 431 NORTH,BOAZ,35957,MARSHALL,2565938310
10005,MARSHALL MEDICAL CENTER SOUTH,2505 U S HIGHWAY 431 NORTH,BOAZ,35957,MARSHALL,2565938310
10005,MARSHALL MEDICAL CENTER SOUTH,2505 U S HIGHWAY 431 NORTH,BOAZ,35957,MARSHALL,2565938310
10005,MARSHALL MEDICAL CENTER SOUTH,2505 U S HIGHWAY 431 NORTH,BOAZ,35957,MARSHALL,2565938310
10005,MARSHALL MEDICAL CENTER SOUTH,2505 U S HIGHWAY 431 NORTH,BOAZ,35957,MARSHALL,2565938310
10005,MARSHALL MEDICAL CENTER SOUTH,2505 U S HIGHWAY 431 NORTH,BOAZ,35957,MARSHALL,2565938310
10005,MARSHALL MEDICAL CENTER SOUTH,2505 U S HIGHWAY 431 NORTH,BOAZ,35957,MARSHALL,2565938310
10005,MARSHALL MEDICAL CENTER SOUTH,2505 U S HIGHWAY 431 NORTH,BOAZ,35957,MARSHALL,2565938310
10005,MARSHALL MEDICAL CENTER SOUTH,2505 U S HIGHWAY 431 NORTH,BOAZ,35957,MARSHALL,2565938310
10005,MARSHALL MEDICAL CENTER SOUTH,2505 U S HIGHWAY 431 NORTH,BOAZ,35957,MARSHALL,2565938310
10005,MARSHALL MEDICAL CENTER SOUTH,2505 U S HIGHWAY 431 NORTH,BOAZ,35957,MARSHALL,2565938310
10006,ELIZA COFFEE MEMORIAL HOSPITAL,205 MARENGO STREET,FLORENCE,35631,LAUDERDALE,2567688400
10006,ELIZA COFFEE MEMORIAL HOSPITAL,205 MARENGO STREET,FLORENCE,35631,LAUDERDALE,2567688400
10006,ELIZA COFFEE MEMORIAL HOSPITAL,205 MARENGO STREET,FLORENCE,35631,LAUDERDALE,2567688400
10006,ELIZA COFFEE MEMORIAL HOSPITAL,205 MARENGO STREET,FLORENCE,35631,LAUDERDALE,2567688400
10006,ELIZA COFFEE MEMORIAL HOSPITAL,205 MARENGO STREET,FLORENCE,35631,LAUDERDALE,2567688400
10006,ELIZA COFFEE MEMORIAL HOSPITAL,205 MARENGO STREET,FLORENCE,35631,LAUDERDALE,2567688400
10006,ELIZA COFFEE MEMORIAL HOSPITAL,205 MARENGO STREET,FLORENCE,35631,LAUDERDALE,2567688400
10006,ELIZA COFFEE MEMORIAL HOSPITAL,205 MARENGO STREET,FLORENCE,35631,LAUDERDALE,2567688400
10006,ELIZA COFFEE MEMORIAL HOSPITAL,205 MARENGO STREET,FLORENCE,35631,LAUDERDALE,2567688400
10006,ELIZA COFFEE MEMORIAL HOSPITAL,205 MARENGO STREET,FLORENCE,35631,LAUDERDALE,2567688400
10006,ELIZA COFFEE MEMORIAL HOSPITAL,205 MARENGO STREET,FLORENCE,35631,LAUDERDALE,2567688400
10006,ELIZA COFFEE MEMORIAL HOSPITAL,205 MARENGO STREET,FLORENCE,35631,LAUDERDALE,2567688400
10006,ELIZA COFFEE MEMORIAL HOSPITAL,205 MARENGO STREET,FLORENCE,35631,LAUDERDALE,2567688400
10006,ELIZA COFFEE MEMORIAL HOSPITAL,205 MARENGO STREET,FLORENCE,35631,LAUDERDALE,2567688400
10006,ELIZA COFFEE MEMORIAL HOSPITAL,205 MARENGO STREET,FLORENCE,35631,LAUDERDALE,2567688400
10006,ELIZA COFFEE MEMORIAL HOSPITAL,205 MARENGO STREET,FLORENCE,35631,LAUDERDALE,2567688400
10006,ELIZA COFFEE MEMORIAL HOSPITAL,205 MARENGO STREET,FLORENCE,35631,LAUDERDALE,2567688400
10006,ELIZA COFFEE MEMORIAL HOSPITAL,205 MARENGO STREET,FLORENCE,35631,LAUDERDALE,2567688400
10006,ELIZA COFFEE MEMORIAL HOSPITAL,205 MARENGO STREET,FLORENCE,35631,LAUDERDALE,2567688400
10006,ELIZA COFFEE MEMORIAL HOSPITAL,205 MARENGO STREET,FLORENCE,35631,LAUDERDALE,2567688400
10006,ELIZA COFFEE MEMORIAL HOSPITAL,205 MARENGO STREET,FLORENCE,35631,LAUDERDALE,2567688400
10006,ELIZA COFFEE MEMORIAL HOSPITAL,205 MARENGO STREET,FLORENCE,35631,LAUDERDALE,2567688400
10006,ELIZA COFFEE MEMORIAL HOSPITAL,205 MARENGO STREET,FLORENCE,35631,LAUDERDALE,2567688400
10006,ELIZA COFFEE MEMORIAL HOSPITAL,205 MARENGO STREET,FLORENCE,35631,LAUDERDALE,2567688400
10006,ELIZA COFFEE MEMORIAL HOSPITAL,205 MARENGO STREET,FLORENCE,35631,LAUDERDALE,2567688400
10007,MIZELL MEMORIAL HOSPITAL,702 N MAIN ST,OPP,36467,COVINGTON,3344933541
10007,MIZELL MEMORIAL HOSPITAL,702 N MAIN ST,OPP,36467,COVINGTON,3344933541
10007,MIZELL MEMORIAL HOSPITAL,702 N MAIN ST,OPP,36467,COVINGTON,3344933541
10007,MIZELL MEMORIAL HOSPITAL,702 N MAIN ST,OPP,36467,COVINGTON,3344933541
10007,MIZELL MEMORIAL HOSPITAL,702 N MAIN ST,OPP,36467,COVINGTON,3344933541
10007,MIZELL MEMORIAL HOSPITAL,702 N MAIN ST,OPP,36467,COVINGTON,3344933541
10007,MIZELL MEMORIAL HOSPITAL,702 N MAIN ST,OPP,36467,COVINGTON,3344933541
10007,MIZELL MEMORIAL HOSPITAL,702 N MAIN ST,OPP,36467,COVINGTON,3344933541
10007,MIZELL MEMORIAL HOSPITAL,702 N MAIN ST,OPP,36467,COVINGTON,3344933541
10007,MIZELL MEMORIAL HOSPITAL,702 N MAIN ST,OPP,36467,COVINGTON,3344933541
10007,MIZELL MEMORIAL HOSPITAL,702 N MAIN ST,OPP,36467,COVINGTON,3344933541
10007,MIZELL MEMORIAL HOSPITAL,702 N MAIN ST,OPP,36467,COVINGTON,3344933541
10007,MIZELL MEMORIAL HOSPITAL,702 N MAIN ST,OPP,36467,COVINGTON,3344933541
10007,MIZELL MEMORIAL HOSPITAL,702 N MAIN ST,OPP,36467,COVINGTON,3344933541
10007,MIZELL MEMORIAL HOSPITAL,702 N MAIN ST,OPP,36467,COVINGTON,3344933541
10007,MIZELL MEMORIAL HOSPITAL,702 N MAIN ST,OPP,36467,COVINGTON,3344933541
10007,MIZELL MEMORIAL HOSPITAL,702 N MAIN ST,OPP,36467,COVINGTON,3344933541
10007,MIZELL MEMORIAL HOSPITAL,702 N MAIN ST,OPP,36467,COVINGTON,3344933541
10007,MIZELL MEMORIAL HOSPITAL,702 N MAIN ST,OPP,36467,COVINGTON,3344933541
10007,MIZELL MEMORIAL HOSPITAL,702 N MAIN ST,OPP,36467,COVINGTON,3344933541
10007,MIZELL MEMORIAL HOSPITAL,702 N MAIN ST,OPP,36467,COVINGTON,3344933541
10007,MIZELL MEMORIAL HOSPITAL,702 N MAIN ST,OPP,36467,COVINGTON,3344933541
10007,MIZELL MEMORIAL HOSPITAL,702 N MAIN ST,OPP,36467,COVINGTON,3344933541
10007,MIZELL MEMORIAL HOSPITAL,702 N MAIN ST,OPP,36467,COVINGTON,3344933541
10007,MIZELL MEMORIAL HOSPITAL,702 N MAIN ST,OPP,36467,COVINGTON,3344933541
10008,CRENSHAW COMMUNITY HOSPITAL,101 HOSPITAL CIRCLE,LUVERNE,36049,CRENSHAW,3343353374
10008,CRENSHAW COMMUNITY HOSPITAL,101 HOSPITAL CIRCLE,LUVERNE,36049,CRENSHAW,3343353374
10008,CRENSHAW COMMUNITY HOSPITAL,101 HOSPITAL CIRCLE,LUVERNE,36049,CRENSHAW,3343353374
10008,CRENSHAW COMMUNITY HOSPITAL,101 HOSPITAL CIRCLE,LUVERNE,36049,CRENSHAW,3343353374
10008,CRENSHAW COMMUNITY HOSPITAL,101 HOSPITAL CIRCLE,LUVERNE,36049,CRENSHAW,3343353374
10008,CRENSHAW COMMUNITY HOSPITAL,101 HOSPITAL CIRCLE,LUVERNE,36049,CRENSHAW,3343353374
10008,CRENSHAW COMMUNITY HOSPITAL,101 HOSPITAL CIRCLE,LUVERNE,36049,CRENSHAW,3343353374
10008,CRENSHAW COMMUNITY HOSPITAL,101 HOSPITAL CIRCLE,LUVERNE,36049,CRENSHAW,3343353374
10008,CRENSHAW COMMUNITY HOSPITAL,101 HOSPITAL CIRCLE,LUVERNE,36049,CRENSHAW,3343353374
10008,CRENSHAW COMMUNITY HOSPITAL,101 HOSPITAL CIRCLE,LUVERNE,36049,CRENSHAW,3343353374
10008,CRENSHAW COMMUNITY HOSPITAL,101 HOSPITAL CIRCLE,LUVERNE,36049,CRENSHAW,3343353374
10008,CRENSHAW COMMUNITY HOSPITAL,101 HOSPITAL CIRCLE,LUVERNE,36049,CRENSHAW,3343353374
10008,CRENSHAW COMMUNITY HOSPITAL,101 HOSPITAL CIRCLE,LUVERNE,36049,CRENSHAW,3343353374
10008,CRENSHAW COMMUNITY HOSPITAL,101 HOSPITAL CIRCLE,LUVERNE,36049,CRENSHAW,3343353374
10008,CRENSHAW COMMUNITY HOSPITAL,101 HOSPITAL CIRCLE,LUVERNE,36049,CRENSHAW,3343353374
10008,CRENSHAW COMMUNITY HOSPITAL,101 HOSPITAL CIRCLE,LUVERNE,36049,CRENSHAW,3343353374
10008,CRENSHAW COMMUNITY HOSPITAL,101 HOSPITAL CIRCLE,LUVERNE,36049,CRENSHAW,3343353374
10008,CRENSHAW COMMUNITY HOSPITAL,101 HOSPITAL CIRCLE,LUVERNE,36049,CRENSHAW,3343353374
10008,CRENSHAW COMMUNITY HOSPITAL,101 HOSPITAL CIRCLE,LUVERNE,36049,CRENSHAW,3343353374
10008,CRENSHAW COMMUNITY HOSPITAL,101 HOSPITAL CIRCLE,LUVERNE,36049,CRENSHAW,3343353374
10008,CRENSHAW COMMUNITY HOSPITAL,101 HOSPITAL CIRCLE,LUVERNE,36049,CRENSHAW,3343353374
10008,CRENSHAW COMMUNITY HOSPITAL,101 HOSPITAL CIRCLE,LUVERNE,36049,CRENSHAW,3343353374
10008,CRENSHAW COMMUNITY HOSPITAL,101 HOSPITAL CIRCLE,LUVERNE,36049,CRENSHAW,3343353374
10008,CRENSHAW COMMUNITY HOSPITAL,101 HOSPITAL CIRCLE,LUVERNE,36049,CRENSHAW,3343353374
10008,CRENSHAW COMMUNITY HOSPITAL,101 HOSPITAL CIRCLE,LUVERNE,36049,CRENSHAW,3343353374
10009,HARTSELLE MEDICAL CENTER,201 PINE STREET NORTHWEST,HARTSELLE,35640,MORGAN,2567736511
10009,HARTSELLE MEDICAL CENTER,201 PINE STREET NORTHWEST,HARTSELLE,35640,MORGAN,2567736511
10009,HARTSELLE MEDICAL CENTER,201 PINE STREET NORTHWEST,HARTSELLE,35640,MORGAN,2567736511
10009,HARTSELLE MEDICAL CENTER,201 PINE STREET NORTHWEST,HARTSELLE,35640,MORGAN,2567736511
10009,HARTSELLE MEDICAL CENTER,201 PINE STREET NORTHWEST,HARTSELLE,35640,MORGAN,2567736511
10009,HARTSELLE MEDICAL CENTER,201 PINE STREET NORTHWEST,HARTSELLE,35640,MORGAN,2567736511
10009,HARTSELLE MEDICAL CENTER,201 PINE STREET NORTHWEST,HARTSELLE,35640,MORGAN,2567736511
10009,HARTSELLE MEDICAL CENTER,201 PINE STREET NORTHWEST,HARTSELLE,35640,MORGAN,2567736511
10009,HARTSELLE MEDICAL CENTER,201 PINE STREET NORTHWEST,HARTSELLE,35640,MORGAN,2567736511
10009,HARTSELLE MEDICAL CENTER,201 PINE STREET NORTHWEST,HARTSELLE,35640,MORGAN,2567736511
10009,HARTSELLE MEDICAL CENTER,201 PINE STREET NORTHWEST,HARTSELLE,35640,MORGAN,2567736511
10009,HARTSELLE MEDICAL CENTER,201 PINE STREET NORTHWEST,HARTSELLE,35640,MORGAN,2567736511
10009,HARTSELLE MEDICAL CENTER,201 PINE STREET NORTHWEST,HARTSELLE,35640,MORGAN,2567736511
10009,HARTSELLE MEDICAL CENTER,201 PINE STREET NORTHWEST,HARTSELLE,35640,MORGAN,2567736511
10009,HARTSELLE MEDICAL CENTER,201 PINE STREET NORTHWEST,HARTSELLE,35640,MORGAN,2567736511
10009,HARTSELLE MEDICAL CENTER,201 PINE STREET NORTHWEST,HARTSELLE,35640,MORGAN,2567736511
10009,HARTSELLE MEDICAL CENTER,201 PINE STREET NORTHWEST,HARTSELLE,35640,MORGAN,2567736511
10009,HARTSELLE MEDICAL CENTER,201 PINE STREET NORTHWEST,HARTSELLE,35640,MORGAN,2567736511
10009,HARTSELLE MEDICAL CENTER,201 PINE STREET NORTHWEST,HARTSELLE,35640,MORGAN,2567736511
10009,HARTSELLE MEDICAL CENTER,201 PINE STREET NORTHWEST,HARTSELLE,35640,MORGAN,2567736511
10009,HARTSELLE MEDICAL CENTER,201 PINE STREET NORTHWEST,HARTSELLE,35640,MORGAN,2567736511
10009,HARTSELLE MEDICAL CENTER,201 PINE STREET NORTHWEST,HARTSELLE,35640,MORGAN,2567736511
10009,HARTSELLE MEDICAL CENTER,201 PINE STREET NORTHWEST,HARTSELLE,35640,MORGAN,2567736511
10009,HARTSELLE MEDICAL CENTER,201 PINE STREET NORTHWEST,HARTSELLE,35640,MORGAN,2567736511
10009,HARTSELLE MEDICAL CENTER,201 PINE STREET NORTHWEST,HARTSELLE,35640,MORGAN,2567736511
10010,MARSHALL MEDICAL CENTER NORTH,8000 ALABAMA HIGHWAY 69,GUNTERSVILLE,35976,MARSHALL,2565718000
10010,MARSHALL MEDICAL CENTER NORTH,8000 ALABAMA HIGHWAY 69,GUNTERSVILLE,35976,MARSHALL,2565718000
10010,MARSHALL MEDICAL CENTER NORTH,8000 ALABAMA HIGHWAY 69,GUNTERSVILLE,35976,MARSHALL,2565718000
10010,MARSHALL MEDICAL CENTER NORTH,8000 ALABAMA HIGHWAY 69,GUNTERSVILLE,35976,MARSHALL,2565718000
10010,MARSHALL MEDICAL CENTER NORTH,8000 ALABAMA HIGHWAY 69,GUNTERSVILLE,35976,MARSHALL,2565718000
10010,MARSHALL MEDICAL CENTER NORTH,8000 ALABAMA HIGHWAY 69,GUNTERSVILLE,35976,MARSHALL,2565718000
10010,MARSHALL MEDICAL CENTER NORTH,8000 ALABAMA HIGHWAY 69,GUNTERSVILLE,35976,MARSHALL,2565718000
10010,MARSHALL MEDICAL CENTER NORTH,8000 ALABAMA HIGHWAY 69,GUNTERSVILLE,35976,MARSHALL,2565718000
10010,MARSHALL MEDICAL CENTER NORTH,8000 ALABAMA HIGHWAY 69,GUNTERSVILLE,35976,MARSHALL,2565718000
10010,MARSHALL MEDICAL CENTER NORTH,8000 ALABAMA HIGHWAY 69,GUNTERSVILLE,35976,MARSHALL,2565718000
10010,MARSHALL MEDICAL CENTER NORTH,8000 ALABAMA HIGHWAY 69,GUNTERSVILLE,35976,MARSHALL,2565718000
10010,MARSHALL MEDICAL CENTER NORTH,8000 ALABAMA HIGHWAY 69,GUNTERSVILLE,35976,MARSHALL,2565718000
10010,MARSHALL MEDICAL CENTER NORTH,8000 ALABAMA HIGHWAY 69,GUNTERSVILLE,35976,MARSHALL,2565718000
10010,MARSHALL MEDICAL CENTER NORTH,8000 ALABAMA HIGHWAY 69,GUNTERSVILLE,35976,MARSHALL,2565718000
10010,MARSHALL MEDICAL CENTER NORTH,8000 ALABAMA HIGHWAY 69,GUNTERSVILLE,35976,MARSHALL,2565718000
10010,MARSHALL MEDICAL CENTER NORTH,8000 ALABAMA HIGHWAY 69,GUNTERSVILLE,35976,MARSHALL,2565718000
10010,MARSHALL MEDICAL CENTER NORTH,8000 ALABAMA HIGHWAY 69,GUNTERSVILLE,35976,MARSHALL,2565718000
10010,MARSHALL MEDICAL CENTER NORTH,8000 ALABAMA HIGHWAY 69,GUNTERSVILLE,35976,MARSHALL,2565718000
10010,MARSHALL MEDICAL CENTER NORTH,8000 ALABAMA HIGHWAY 69,GUNTERSVILLE,35976,MARSHALL,2565718000
10010,MARSHALL MEDICAL CENTER NORTH,8000 ALABAMA HIGHWAY 69,GUNTERSVILLE,35976,MARSHALL,2565718000
10010,MARSHALL MEDICAL CENTER NORTH,8000 ALABAMA HIGHWAY 69,GUNTERSVILLE,35976,MARSHALL,2565718000
10010,MARSHALL MEDICAL CENTER NORTH,8000 ALABAMA HIGHWAY 69,GUNTERSVILLE,35976,MARSHALL,2565718000
10010,MARSHALL MEDICAL CENTER NORTH,8000 ALABAMA HIGHWAY 69,GUNTERSVILLE,35976,MARSHALL,2565718000
10010,MARSHALL MEDICAL CENTER NORTH,8000 ALABAMA HIGHWAY 69,GUNTERSVILLE,35976,MARSHALL,2565718000
10010,MARSHALL MEDICAL CENTER NORTH,8000 ALABAMA HIGHWAY 69,GUNTERSVILLE,35976,MARSHALL,2565718000
10011,ST VINCENT'S EAST,50 MEDICAL PARK EAST DRIVE,BIRMINGHAM,35235,JEFFERSON,2058383122
10011,ST VINCENT'S EAST,50 MEDICAL PARK EAST DRIVE,BIRMINGHAM,35235,JEFFERSON,2058383122
10011,ST VINCENT'S EAST,50 MEDICAL PARK EAST DRIVE,BIRMINGHAM,35235,JEFFERSON,2058383122
10011,ST VINCENT'S EAST,50 MEDICAL PARK EAST DRIVE,BIRMINGHAM,35235,JEFFERSON,2058383122
10011,ST VINCENT'S EAST,50 MEDICAL PARK EAST DRIVE,BIRMINGHAM,35235,JEFFERSON,2058383122
10011,ST VINCENT'S EAST,50 MEDICAL PARK EAST DRIVE,BIRMINGHAM,35235,JEFFERSON,2058383122
10011,ST VINCENT'S EAST,50 MEDICAL PARK EAST DRIVE,BIRMINGHAM,35235,JEFFERSON,2058383122
10011,ST VINCENT'S EAST,50 MEDICAL PARK EAST DRIVE,BIRMINGHAM,35235,JEFFERSON,2058383122
10011,ST VINCENT'S EAST,50 MEDICAL PARK EAST DRIVE,BIRMINGHAM,35235,JEFFERSON,2058383122
10011,ST VINCENT'S EAST,50 MEDICAL PARK EAST DRIVE,BIRMINGHAM,35235,JEFFERSON,2058383122
10011,ST VINCENT'S EAST,50 MEDICAL PARK EAST DRIVE,BIRMINGHAM,35235,JEFFERSON,2058383122
10011,ST VINCENT'S EAST,50 MEDICAL PARK EAST DRIVE,BIRMINGHAM,35235,JEFFERSON,2058383122
10011,ST VINCENT'S EAST,50 MEDICAL PARK EAST DRIVE,BIRMINGHAM,35235,JEFFERSON,2058383122
10011,ST VINCENT'S EAST,50 MEDICAL PARK EAST DRIVE,BIRMINGHAM,35235,JEFFERSON,2058383122
10011,ST VINCENT'S EAST,50 MEDICAL PARK EAST DRIVE,BIRMINGHAM,35235,JEFFERSON,2058383122
10011,ST VINCENT'S EAST,50 MEDICAL PARK EAST DRIVE,BIRMINGHAM,35235,JEFFERSON,2058383122
10011,ST VINCENT'S EAST,50 MEDICAL PARK EAST DRIVE,BIRMINGHAM,35235,JEFFERSON,2058383122
10011,ST VINCENT'S EAST,50 MEDICAL PARK EAST DRIVE,BIRMINGHAM,35235,JEFFERSON,2058383122
10011,ST VINCENT'S EAST,50 MEDICAL PARK EAST DRIVE,BIRMINGHAM,35235,JEFFERSON,2058383122
10011,ST VINCENT'S EAST,50 MEDICAL PARK EAST DRIVE,BIRMINGHAM,35235,JEFFERSON,2058383122
10011,ST VINCENT'S EAST,50 MEDICAL PARK EAST DRIVE,BIRMINGHAM,35235,JEFFERSON,2058383122
10011,ST VINCENT'S EAST,50 MEDICAL PARK EAST DRIVE,BIRMINGHAM,35235,JEFFERSON,2058383122
10011,ST VINCENT'S EAST,50 MEDICAL PARK EAST DRIVE,BIRMINGHAM,35235,JEFFERSON,2058383122
10011,ST VINCENT'S EAST,50 MEDICAL PARK EAST DRIVE,BIRMINGHAM,35235,JEFFERSON,2058383122
10011,ST VINCENT'S EAST,50 MEDICAL PARK EAST DRIVE,BIRMINGHAM,35235,JEFFERSON,2058383122
10012,DEKALB REGIONAL MEDICAL CENTER,200 MED CENTER DRIVE,FORT PAYNE,35968,DE KALB,2568453150
10012,DEKALB REGIONAL MEDICAL CENTER,200 MED CENTER DRIVE,FORT PAYNE,35968,DE KALB,2568453150
10012,DEKALB REGIONAL MEDICAL CENTER,200 MED CENTER DRIVE,FORT PAYNE,35968,DE KALB,2568453150
10012,DEKALB REGIONAL MEDICAL CENTER,200 MED CENTER DRIVE,FORT PAYNE,35968,DE KALB,2568453150
10012,DEKALB REGIONAL MEDICAL CENTER,200 MED CENTER DRIVE,FORT PAYNE,35968,DE KALB,2568453150
10012,DEKALB REGIONAL MEDICAL CENTER,200 MED CENTER DRIVE,FORT PAYNE,35968,DE KALB,2568453150
10012,DEKALB REGIONAL MEDICAL CENTER,200 MED CENTER DRIVE,FORT PAYNE,35968,DE KALB,2568453150
10012,DEKALB REGIONAL MEDICAL CENTER,200 MED CENTER DRIVE,FORT PAYNE,35968,DE KALB,2568453150
10012,DEKALB REGIONAL MEDICAL CENTER,200 MED CENTER DRIVE,FORT PAYNE,35968,DE KALB,2568453150
10012,DEKALB REGIONAL MEDICAL CENTER,200 MED CENTER DRIVE,FORT PAYNE,35968,DE KALB,2568453150
10012,DEKALB REGIONAL MEDICAL CENTER,200 MED CENTER DRIVE,FORT PAYNE,35968,DE KALB,2568453150
10012,DEKALB REGIONAL MEDICAL CENTER,200 MED CENTER DRIVE,FORT PAYNE,35968,DE KALB,2568453150
10012,DEKALB REGIONAL MEDICAL CENTER,200 MED CENTER DRIVE,FORT PAYNE,35968,DE KALB,2568453150
10012,DEKALB REGIONAL MEDICAL CENTER,200 MED CENTER DRIVE,FORT PAYNE,35968,DE KALB,2568453150
10012,DEKALB REGIONAL MEDICAL CENTER,200 MED CENTER DRIVE,FORT PAYNE,35968,DE KALB,2568453150
10012,DEKALB REGIONAL MEDICAL CENTER,200 MED CENTER DRIVE,FORT PAYNE,35968,DE KALB,2568453150
10012,DEKALB REGIONAL MEDICAL CENTER,200 MED CENTER DRIVE,FORT PAYNE,35968,DE KALB,2568453150
10012,DEKALB REGIONAL MEDICAL CENTER,200 MED CENTER DRIVE,FORT PAYNE,35968,DE KALB,2568453150
10012,DEKALB REGIONAL MEDICAL CENTER,200 MED CENTER DRIVE,FORT PAYNE,35968,DE KALB,2568453150
10012,DEKALB REGIONAL MEDICAL CENTER,200 MED CENTER DRIVE,FORT PAYNE,35968,DE KALB,2568453150
10012,DEKALB REGIONAL MEDICAL CENTER,200 MED CENTER DRIVE,FORT PAYNE,35968,DE KALB,2568453150
10012,DEKALB REGIONAL MEDICAL CENTER,200 MED CENTER DRIVE,FORT PAYNE,35968,DE KALB,2568453150
10012,DEKALB REGIONAL MEDICAL CENTER,200 MED CENTER DRIVE,FORT PAYNE,35968,DE KALB,2568453150
10012,DEKALB REGIONAL MEDICAL CENTER,200 MED CENTER DRIVE,FORT PAYNE,35968,DE KALB,2568453150
10012,DEKALB REGIONAL MEDICAL CENTER,200 MED CENTER DRIVE,FORT PAYNE,35968,DE KALB,2568453150
10015,SOUTHWEST ALABAMA MEDICAL CENTER,33700 HIGHWAY 43,THOMASVILLE,36784,CLARKE,3346366221
10015,SOUTHWEST ALABAMA MEDICAL CENTER,33700 HIGHWAY 43,THOMASVILLE,36784,CLARKE,3346366221
10015,SOUTHWEST ALABAMA MEDICAL CENTER,33700 HIGHWAY 43,THOMASVILLE,36784,CLARKE,3346366221
10015,SOUTHWEST ALABAMA MEDICAL CENTER,33700 HIGHWAY 43,THOMASVILLE,36784,CLARKE,3346366221
10015,SOUTHWEST ALABAMA MEDICAL CENTER,33700 HIGHWAY 43,THOMASVILLE,36784,CLARKE,3346366221
10015,SOUTHWEST ALABAMA MEDICAL CENTER,33700 HIGHWAY 43,THOMASVILLE,36784,CLARKE,3346366221
10015,SOUTHWEST ALABAMA MEDICAL CENTER,33700 HIGHWAY 43,THOMASVILLE,36784,CLARKE,3346366221
10015,SOUTHWEST ALABAMA MEDICAL CENTER,33700 HIGHWAY 43,THOMASVILLE,36784,CLARKE,3346366221
10015,SOUTHWEST ALABAMA MEDICAL CENTER,33700 HIGHWAY 43,THOMASVILLE,36784,CLARKE,3346366221
10015,SOUTHWEST ALABAMA MEDICAL CENTER,33700 HIGHWAY 43,THOMASVILLE,36784,CLARKE,3346366221
10015,SOUTHWEST ALABAMA MEDICAL CENTER,33700 HIGHWAY 43,THOMASVILLE,36784,CLARKE,3346366221
10015,SOUTHWEST ALABAMA MEDICAL CENTER,33700 HIGHWAY 43,THOMASVILLE,36784,CLARKE,3346366221
10015,SOUTHWEST ALABAMA MEDICAL CENTER,33700 HIGHWAY 43,THOMASVILLE,36784,CLARKE,3346366221
10015,SOUTHWEST ALABAMA MEDICAL CENTER,33700 HIGHWAY 43,THOMASVILLE,36784,CLARKE,3346366221
10015,SOUTHWEST ALABAMA MEDICAL CENTER,33700 HIGHWAY 43,THOMASVILLE,36784,CLARKE,3346366221
10015,SOUTHWEST ALABAMA MEDICAL CENTER,33700 HIGHWAY 43,THOMASVILLE,36784,CLARKE,3346366221
10015,SOUTHWEST ALABAMA MEDICAL CENTER,33700 HIGHWAY 43,THOMASVILLE,36784,CLARKE,3346366221
10015,SOUTHWEST ALABAMA MEDICAL CENTER,33700 HIGHWAY 43,THOMASVILLE,36784,CLARKE,3346366221
10015,SOUTHWEST ALABAMA MEDICAL CENTER,33700 HIGHWAY 43,THOMASVILLE,36784,CLARKE,3346366221
10015,SOUTHWEST ALABAMA MEDICAL CENTER,33700 HIGHWAY 43,THOMASVILLE,36784,CLARKE,3346366221
10015,SOUTHWEST ALABAMA MEDICAL CENTER,33700 HIGHWAY 43,THOMASVILLE,36784,CLARKE,3346366221
10015,SOUTHWEST ALABAMA MEDICAL CENTER,33700 HIGHWAY 43,THOMASVILLE,36784,CLARKE,3346366221
10015,SOUTHWEST ALABAMA MEDICAL CENTER,33700 HIGHWAY 43,THOMASVILLE,36784,CLARKE,3346366221
10015,SOUTHWEST ALABAMA MEDICAL CENTER,33700 HIGHWAY 43,THOMASVILLE,36784,CLARKE,3346366221
10015,SOUTHWEST ALABAMA MEDICAL CENTER,33700 HIGHWAY 43,THOMASVILLE,36784,CLARKE,3346366221
10016,SHELBY BAPTIST MEDICAL CENTER,1000 FIRST STREET NORTH,ALABASTER,35007,SHELBY,2056208100
10016,SHELBY BAPTIST MEDICAL CENTER,1000 FIRST STREET NORTH,ALABASTER,35007,SHELBY,2056208100
10016,SHELBY BAPTIST MEDICAL CENTER,1000 FIRST STREET NORTH,ALABASTER,35007,SHELBY,2056208100
10016,SHELBY BAPTIST MEDICAL CENTER,1000 FIRST STREET NORTH,ALABASTER,35007,SHELBY,2056208100
10016,SHELBY BAPTIST MEDICAL CENTER,1000 FIRST STREET NORTH,ALABASTER,35007,SHELBY,2056208100
10016,SHELBY BAPTIST MEDICAL CENTER,1000 FIRST STREET NORTH,ALABASTER,35007,SHELBY,2056208100
10016,SHELBY BAPTIST MEDICAL CENTER,1000 FIRST STREET NORTH,ALABASTER,35007,SHELBY,2056208100
10016,SHELBY BAPTIST MEDICAL CENTER,1000 FIRST STREET NORTH,ALABASTER,35007,SHELBY,2056208100
10016,SHELBY BAPTIST MEDICAL CENTER,1000 FIRST STREET NORTH,ALABASTER,35007,SHELBY,2056208100
10016,SHELBY BAPTIST MEDICAL CENTER,1000 FIRST STREET NORTH,ALABASTER,35007,SHELBY,2056208100
10016,SHELBY BAPTIST MEDICAL CENTER,1000 FIRST STREET NORTH,ALABASTER,35007,SHELBY,2056208100
10016,SHELBY BAPTIST MEDICAL CENTER,1000 FIRST STREET NORTH,ALABASTER,35007,SHELBY,2056208100
10016,SHELBY BAPTIST MEDICAL CENTER,1000 FIRST STREET NORTH,ALABASTER,35007,SHELBY,2056208100
10016,SHELBY BAPTIST MEDICAL CENTER,1000 FIRST STREET NORTH,ALABASTER,35007,SHELBY,2056208100
10016,SHELBY BAPTIST MEDICAL CENTER,1000 FIRST STREET NORTH,ALABASTER,35007,SHELBY,2056208100
10016,SHELBY BAPTIST MEDICAL CENTER,1000 FIRST STREET NORTH,ALABASTER,35007,SHELBY,2056208100
10016,SHELBY BAPTIST MEDICAL CENTER,1000 FIRST STREET NORTH,ALABASTER,35007,SHELBY,2056208100
10016,SHELBY BAPTIST MEDICAL CENTER,1000 FIRST STREET NORTH,ALABASTER,35007,SHELBY,2056208100
10016,SHELBY BAPTIST MEDICAL CENTER,1000 FIRST STREET NORTH,ALABASTER,35007,SHELBY,2056208100
10016,SHELBY BAPTIST MEDICAL CENTER,1000 FIRST STREET NORTH,ALABASTER,35007,SHELBY,2056208100
10016,SHELBY BAPTIST MEDICAL CENTER,1000 FIRST STREET NORTH,ALABASTER,35007,SHELBY,2056208100
10016,SHELBY BAPTIST MEDICAL CENTER,1000 FIRST STREET NORTH,ALABASTER,35007,SHELBY,2056208100
10016,SHELBY BAPTIST MEDICAL CENTER,1000 FIRST STREET NORTH,ALABASTER,35007,SHELBY,2056208100
10016,SHELBY BAPTIST MEDICAL CENTER,1000 FIRST STREET NORTH,ALABASTER,35007,SHELBY,2056208100
10016,SHELBY BAPTIST MEDICAL CENTER,1000 FIRST STREET NORTH,ALABASTER,35007,SHELBY,2056208100
10018,CALLAHAN EYE FOUNDATION HOSPITAL,1720 UNIVERSITY BLVD,BIRMINGHAM,35233,JEFFERSON,2053258100
10018,CALLAHAN EYE FOUNDATION HOSPITAL,1720 UNIVERSITY BLVD,BIRMINGHAM,35233,JEFFERSON,2053258100
10018,CALLAHAN EYE FOUNDATION HOSPITAL,1720 UNIVERSITY BLVD,BIRMINGHAM,35233,JEFFERSON,2053258100
10018,CALLAHAN EYE FOUNDATION HOSPITAL,1720 UNIVERSITY BLVD,BIRMINGHAM,35233,JEFFERSON,2053258100
10018,CALLAHAN EYE FOUNDATION HOSPITAL,1720 UNIVERSITY BLVD,BIRMINGHAM,35233,JEFFERSON,2053258100
10018,CALLAHAN EYE FOUNDATION HOSPITAL,1720 UNIVERSITY BLVD,BIRMINGHAM,35233,JEFFERSON,2053258100
10018,CALLAHAN EYE FOUNDATION HOSPITAL,1720 UNIVERSITY BLVD,BIRMINGHAM,35233,JEFFERSON,2053258100
10018,CALLAHAN EYE FOUNDATION HOSPITAL,1720 UNIVERSITY BLVD,BIRMINGHAM,35233,JEFFERSON,2053258100
10018,CALLAHAN EYE FOUNDATION HOSPITAL,1720 UNIVERSITY BLVD,BIRMINGHAM,35233,JEFFERSON,2053258100
10018,CALLAHAN EYE FOUNDATION HOSPITAL,1720 UNIVERSITY BLVD,BIRMINGHAM,35233,JEFFERSON,2053258100
10018,CALLAHAN EYE FOUNDATION HOSPITAL,1720 UNIVERSITY BLVD,BIRMINGHAM,35233,JEFFERSON,2053258100
10018,CALLAHAN EYE FOUNDATION HOSPITAL,1720 UNIVERSITY BLVD,BIRMINGHAM,35233,JEFFERSON,2053258100
10018,CALLAHAN EYE FOUNDATION HOSPITAL,1720 UNIVERSITY BLVD,BIRMINGHAM,35233,JEFFERSON,2053258100
10018,CALLAHAN EYE FOUNDATION HOSPITAL,1720 UNIVERSITY BLVD,BIRMINGHAM,35233,JEFFERSON,2053258100
10018,CALLAHAN EYE FOUNDATION HOSPITAL,1720 UNIVERSITY BLVD,BIRMINGHAM,35233,JEFFERSON,2053258100
10018,CALLAHAN EYE FOUNDATION HOSPITAL,1720 UNIVERSITY BLVD,BIRMINGHAM,35233,JEFFERSON,2053258100
10018,CALLAHAN EYE FOUNDATION HOSPITAL,1720 UNIVERSITY BLVD,BIRMINGHAM,35233,JEFFERSON,2053258100
10038,STRINGFELLOW MEMORIAL HOSPITAL,301 EAST 18TH ST,ANNISTON,36201,CALHOUN,2562358900
10038,STRINGFELLOW MEMORIAL HOSPITAL,301 EAST 18TH ST,ANNISTON,36201,CALHOUN,2562358900
10038,STRINGFELLOW MEMORIAL HOSPITAL,301 EAST 18TH ST,ANNISTON,36201,CALHOUN,2562358900
10038,STRINGFELLOW MEMORIAL HOSPITAL,301 EAST 18TH ST,ANNISTON,36201,CALHOUN,2562358900
10038,STRINGFELLOW MEMORIAL HOSPITAL,301 EAST 18TH ST,ANNISTON,36201,CALHOUN,2562358900
10038,STRINGFELLOW MEMORIAL HOSPITAL,301 EAST 18TH ST,ANNISTON,36201,CALHOUN,2562358900
10038,STRINGFELLOW MEMORIAL HOSPITAL,301 EAST 18TH ST,ANNISTON,36201,CALHOUN,2562358900
10038,STRINGFELLOW MEMORIAL HOSPITAL,301 EAST 18TH ST,ANNISTON,36201,CALHOUN,2562358900
10038,STRINGFELLOW MEMORIAL HOSPITAL,301 EAST 18TH ST,ANNISTON,36201,CALHOUN,2562358900
10038,STRINGFELLOW MEMORIAL HOSPITAL,301 EAST 18TH ST,ANNISTON,36201,CALHOUN,2562358900
10038,STRINGFELLOW MEMORIAL HOSPITAL,301 EAST 18TH ST,ANNISTON,36201,CALHOUN,2562358900
10038,STRINGFELLOW MEMORIAL HOSPITAL,301 EAST 18TH ST,ANNISTON,36201,CALHOUN,2562358900
10038,STRINGFELLOW MEMORIAL HOSPITAL,301 EAST 18TH ST,ANNISTON,36201,CALHOUN,2562358900
10038,STRINGFELLOW MEMORIAL HOSPITAL,301 EAST 18TH ST,ANNISTON,36201,CALHOUN,2562358900
10038,STRINGFELLOW MEMORIAL HOSPITAL,301 EAST 18TH ST,ANNISTON,36201,CALHOUN,2562358900
10038,STRINGFELLOW MEMORIAL HOSPITAL,301 EAST 18TH ST,ANNISTON,36201,CALHOUN,2562358900
10038,STRINGFELLOW MEMORIAL HOSPITAL,301 EAST 18TH ST,ANNISTON,36201,CALHOUN,2562358900
10038,STRINGFELLOW MEMORIAL HOSPITAL,301 EAST 18TH ST,ANNISTON,36201,CALHOUN,2562358900
10038,STRINGFELLOW MEMORIAL HOSPITAL,301 EAST 18TH ST,ANNISTON,36201,CALHOUN,2562358900
10038,STRINGFELLOW MEMORIAL HOSPITAL,301 EAST 18TH ST,ANNISTON,36201,CALHOUN,2562358900
10055,FLOWERS HOSPITAL,4370 WEST MAIN STREET,DOTHAN,36305,HOUSTON,3347935000
10055,FLOWERS HOSPITAL,4370 WEST MAIN STREET,DOTHAN,36305,HOUSTON,3347935000
10055,FLOWERS HOSPITAL,4370 WEST MAIN STREET,DOTHAN,36305,HOUSTON,3347935000
10055,FLOWERS HOSPITAL,4370 WEST MAIN STREET,DOTHAN,36305,HOUSTON,3347935000
10055,FLOWERS HOSPITAL,4370 WEST MAIN STREET,DOTHAN,36305,HOUSTON,3347935000
10055,FLOWERS HOSPITAL,4370 WEST MAIN STREET,DOTHAN,36305,HOUSTON,3347935000
10055,FLOWERS HOSPITAL,4370 WEST MAIN STREET,DOTHAN,36305,HOUSTON,3347935000
10055,FLOWERS HOSPITAL,4370 WEST MAIN STREET,DOTHAN,36305,HOUSTON,3347935000
10055,FLOWERS HOSPITAL,4370 WEST MAIN STREET,DOTHAN,36305,HOUSTON,3347935000
10055,FLOWERS HOSPITAL,4370 WEST MAIN STREET,DOTHAN,36305,HOUSTON,3347935000
10055,FLOWERS HOSPITAL,4370 WEST MAIN STREET,DOTHAN,36305,HOUSTON,3347935000
10055,FLOWERS HOSPITAL,4370 WEST MAIN STREET,DOTHAN,36305,HOUSTON,3347935000
10055,FLOWERS HOSPITAL,4370 WEST MAIN STREET,DOTHAN,36305,HOUSTON,3347935000
10055,FLOWERS HOSPITAL,4370 WEST MAIN STREET,DOTHAN,36305,HOUSTON,3347935000
10055,FLOWERS HOSPITAL,4370 WEST MAIN STREET,DOTHAN,36305,HOUSTON,3347935000
10055,FLOWERS HOSPITAL,4370 WEST MAIN STREET,DOTHAN,36305,HOUSTON,3347935000
10055,FLOWERS HOSPITAL,4370 WEST MAIN STREET,DOTHAN,36305,HOUSTON,3347935000
10056,ST VINCENTS HOSPITAL,810 ST VINCENTS DRIVE,BIRMINGHAM,35205,JEFFERSON,2059397000
10056,ST VINCENTS HOSPITAL,810 ST VINCENTS DRIVE,BIRMINGHAM,35205,JEFFERSON,2059397000
10056,ST VINCENTS HOSPITAL,810 ST VINCENTS DRIVE,BIRMINGHAM,35205,JEFFERSON,2059397000
10056,ST VINCENTS HOSPITAL,810 ST VINCENTS DRIVE,BIRMINGHAM,35205,JEFFERSON,2059397000
10056,ST VINCENTS HOSPITAL,810 ST VINCENTS DRIVE,BIRMINGHAM,35205,JEFFERSON,2059397000
10085,DECATUR GENERAL HOSPITAL,1201 7TH STREET SE,DECATUR,35609,MORGAN,2563412000
10086,NORTHWEST MEDICAL CENTER,1530 U S HIGHWAY 43,WINFIELD,35594,MARION,2054877736
10086,NORTHWEST MEDICAL CENTER,1530 U S HIGHWAY 43,WINFIELD,35594,MARION,2054877736
10086,NORTHWEST MEDICAL CENTER,1530 U S HIGHWAY 43,WINFIELD,35594,MARION,2054877736
10086,NORTHWEST MEDICAL CENTER,1530 U S HIGHWAY 43,WINFIELD,35594,MARION,2054877736
10086,NORTHWEST MEDICAL CENTER,1530 U S HIGHWAY 43,WINFIELD,35594,MARION,2054877736
10086,NORTHWEST MEDICAL CENTER,1530 U S HIGHWAY 43,WINFIELD,35594,MARION,2054877736
10086,NORTHWEST MEDICAL CENTER,1530 U S HIGHWAY 43,WINFIELD,35594,MARION,2054877736
10086,NORTHWEST MEDICAL CENTER,1530 U S HIGHWAY 43,WINFIELD,35594,MARION,2054877736
10086,NORTHWEST MEDICAL CENTER,1530 U S HIGHWAY 43,WINFIELD,35594,MARION,2054877736
10086,NORTHWEST MEDICAL CENTER,1530 U S HIGHWAY 43,WINFIELD,35594,MARION,2054877736
10086,NORTHWEST MEDICAL CENTER,1530 U S HIGHWAY 43,WINFIELD,35594,MARION,2054877736
10086,NORTHWEST MEDICAL CENTER,1530 U S HIGHWAY 43,WINFIELD,35594,MARION,2054877736
10086,NORTHWEST MEDICAL CENTER,1530 U S HIGHWAY 43,WINFIELD,35594,MARION,2054877736
10086,NORTHWEST MEDICAL CENTER,1530 U S HIGHWAY 43,WINFIELD,35594,MARION,2054877736
10086,NORTHWEST MEDICAL CENTER,1530 U S HIGHWAY 43,WINFIELD,35594,MARION,2054877736
10086,NORTHWEST MEDICAL CENTER,1530 U S HIGHWAY 43,WINFIELD,35594,MARION,2054877736
10086,NORTHWEST MEDICAL CENTER,1530 U S HIGHWAY 43,WINFIELD,35594,MARION,2054877736
10086,NORTHWEST MEDICAL CENTER,1530 U S HIGHWAY 43,WINFIELD,35594,MARION,2054877736
10086,NORTHWEST MEDICAL CENTER,1530 U S HIGHWAY 43,WINFIELD,35594,MARION,2054877736
10086,NORTHWEST MEDICAL CENTER,1530 U S HIGHWAY 43,WINFIELD,35594,MARION,2054877736
10086,NORTHWEST MEDICAL CENTER,1530 U S HIGHWAY 43,WINFIELD,35594,MARION,2054877736
10086,NORTHWEST MEDICAL CENTER,1530 U S HIGHWAY 43,WINFIELD,35594,MARION,2054877736
10086,NORTHWEST MEDICAL CENTER,1530 U S HIGHWAY 43,WINFIELD,35594,MARION,2054877736
10086,NORTHWEST MEDICAL CENTER,1530 U S HIGHWAY 43,WINFIELD,35594,MARION,2054877736
10086,NORTHWEST MEDICAL CENTER,1530 U S HIGHWAY 43,WINFIELD,35594,MARION,2054877736
10087,UNIV OF SOUTH ALABAMA MEDICAL CENTER,2451 FILLINGIM STREET,MOBILE,36617,MOBILE,2514717110
10087,UNIV OF SOUTH ALABAMA MEDICAL CENTER,2451 FILLINGIM STREET,MOBILE,36617,MOBILE,2514717110
10087,UNIV OF SOUTH ALABAMA MEDICAL CENTER,2451 FILLINGIM STREET,MOBILE,36617,MOBILE,2514717110
10087,UNIV OF SOUTH ALABAMA MEDICAL CENTER,2451 FILLINGIM STREET,MOBILE,36617,MOBILE,2514717110
10087,UNIV OF SOUTH ALABAMA MEDICAL CENTER,2451 FILLINGIM STREET,MOBILE,36617,MOBILE,2514717110
10087,UNIV OF SOUTH ALABAMA MEDICAL CENTER,2451 FILLINGIM STREET,MOBILE,36617,MOBILE,2514717110
10087,UNIV OF SOUTH ALABAMA MEDICAL CENTER,2451 FILLINGIM STREET,MOBILE,36617,MOBILE,2514717110
10087,UNIV OF SOUTH ALABAMA MEDICAL CENTER,2451 FILLINGIM STREET,MOBILE,36617,MOBILE,2514717110
10087,UNIV OF SOUTH ALABAMA MEDICAL CENTER,2451 FILLINGIM STREET,MOBILE,36617,MOBILE,2514717110
10087,UNIV OF SOUTH ALABAMA MEDICAL CENTER,2451 FILLINGIM STREET,MOBILE,36617,MOBILE,2514717110
10087,UNIV OF SOUTH ALABAMA MEDICAL CENTER,2451 FILLINGIM STREET,MOBILE,36617,MOBILE,2514717110
10087,UNIV OF SOUTH ALABAMA MEDICAL CENTER,2451 FILLINGIM STREET,MOBILE,36617,MOBILE,2514717110
10087,UNIV OF SOUTH ALABAMA MEDICAL CENTER,2451 FILLINGIM STREET,MOBILE,36617,MOBILE,2514717110
10108,PRATTVILLE BAPTIST HOSPITAL,124 S MEMORIAL DR,PRATTVILLE,36067,AUTAUGA,3343614267
10108,PRATTVILLE BAPTIST HOSPITAL,124 S MEMORIAL DR,PRATTVILLE,36067,AUTAUGA,3343614267
10108,PRATTVILLE BAPTIST HOSPITAL,124 S MEMORIAL DR,PRATTVILLE,36067,AUTAUGA,3343614267
10108,PRATTVILLE BAPTIST HOSPITAL,124 S MEMORIAL DR,PRATTVILLE,36067,AUTAUGA,3343614267
10108,PRATTVILLE BAPTIST HOSPITAL,124 S MEMORIAL DR,PRATTVILLE,36067,AUTAUGA,3343614267
10108,PRATTVILLE BAPTIST HOSPITAL,124 S MEMORIAL DR,PRATTVILLE,36067,AUTAUGA,3343614267
10108,PRATTVILLE BAPTIST HOSPITAL,124 S MEMORIAL DR,PRATTVILLE,36067,AUTAUGA,3343614267
10108,PRATTVILLE BAPTIST HOSPITAL,124 S MEMORIAL DR,PRATTVILLE,36067,AUTAUGA,3343614267
10108,PRATTVILLE BAPTIST HOSPITAL,124 S MEMORIAL DR,PRATTVILLE,36067,AUTAUGA,3343614267
10108,PRATTVILLE BAPTIST HOSPITAL,124 S MEMORIAL DR,PRATTVILLE,36067,AUTAUGA,3343614267
10108,PRATTVILLE BAPTIST HOSPITAL,124 S MEMORIAL DR,PRATTVILLE,36067,AUTAUGA,3343614267
10108,PRATTVILLE BAPTIST HOSPITAL,124 S MEMORIAL DR,PRATTVILLE,36067,AUTAUGA,3343614267
10108,PRATTVILLE BAPTIST HOSPITAL,124 S MEMORIAL DR,PRATTVILLE,36067,AUTAUGA,3343614267
10108,PRATTVILLE BAPTIST HOSPITAL,124 S MEMORIAL DR,PRATTVILLE,36067,AUTAUGA,3343614267
10108,PRATTVILLE BAPTIST HOSPITAL,124 S MEMORIAL DR,PRATTVILLE,36067,AUTAUGA,3343614267
10108,PRATTVILLE BAPTIST HOSPITAL,124 S MEMORIAL DR,PRATTVILLE,36067,AUTAUGA,3343614267
10108,PRATTVILLE BAPTIST HOSPITAL,124 S MEMORIAL DR,PRATTVILLE,36067,AUTAUGA,3343614267
10108,PRATTVILLE BAPTIST HOSPITAL,124 S MEMORIAL DR,PRATTVILLE,36067,AUTAUGA,3343614267
10108,PRATTVILLE BAPTIST HOSPITAL,124 S MEMORIAL DR,PRATTVILLE,36067,AUTAUGA,3343614267
10108,PRATTVILLE BAPTIST HOSPITAL,124 S MEMORIAL DR,PRATTVILLE,36067,AUTAUGA,3343614267
10158,RUSSELLVILLE HOSPITAL,15155 HIGHWAY 43,RUSSELLVILLE,35653,FRANKLIN,2563321611
10158,RUSSELLVILLE HOSPITAL,15155 HIGHWAY 43,RUSSELLVILLE,35653,FRANKLIN,2563321611
10164,COOSA VALLEY MEDICAL CENTER,315 W HICKORY ST,SYLACAUGA,35150,TALLADEGA,2562495000
10164,COOSA VALLEY MEDICAL CENTER,315 W HICKORY ST,SYLACAUGA,35150,TALLADEGA,2562495000
10164,COOSA VALLEY MEDICAL CENTER,315 W HICKORY ST,SYLACAUGA,35150,TALLADEGA,2562495000
10164,COOSA VALLEY MEDICAL CENTER,315 W HICKORY ST,SYLACAUGA,35150,TALLADEGA,2562495000
10164,COOSA VALLEY MEDICAL CENTER,315 W HICKORY ST,SYLACAUGA,35150,TALLADEGA,2562495000
10164,COOSA VALLEY MEDICAL CENTER,315 W HICKORY ST,SYLACAUGA,35150,TALLADEGA,2562495000
10164,COOSA VALLEY MEDICAL CENTER,315 W HICKORY ST,SYLACAUGA,35150,TALLADEGA,2562495000
10164,COOSA VALLEY MEDICAL CENTER,315 W HICKORY ST,SYLACAUGA,35150,TALLADEGA,2562495000
10164,COOSA VALLEY MEDICAL CENTER,315 W HICKORY ST,SYLACAUGA,35150,TALLADEGA,2562495000
10164,COOSA VALLEY MEDICAL CENTER,315 W HICKORY ST,SYLACAUGA,35150,TALLADEGA,2562495000
10164,COOSA VALLEY MEDICAL CENTER,315 W HICKORY ST,SYLACAUGA,35150,TALLADEGA,2562495000
10164,COOSA VALLEY MEDICAL CENTER,315 W HICKORY ST,SYLACAUGA,35150,TALLADEGA,2562495000
10164,COOSA VALLEY MEDICAL CENTER,315 W HICKORY ST,SYLACAUGA,35150,TALLADEGA,2562495000
10164,COOSA VALLEY MEDICAL CENTER,315 W HICKORY ST,SYLACAUGA,35150,TALLADEGA,2562495000
10164,COOSA VALLEY MEDICAL CENTER,315 W HICKORY ST,SYLACAUGA,35150,TALLADEGA,2562495000
10164,COOSA VALLEY MEDICAL CENTER,315 W HICKORY ST,SYLACAUGA,35150,TALLADEGA,2562495000
10164,COOSA VALLEY MEDICAL CENTER,315 W HICKORY ST,SYLACAUGA,35150,TALLADEGA,2562495000
10164,COOSA VALLEY MEDICAL CENTER,315 W HICKORY ST,SYLACAUGA,35150,TALLADEGA,2562495000
20017,ALASKA REGIONAL HOSPITAL,2801 DEBARR ROAD,ANCHORAGE,99508,ANCHORAGE,9072761131
20017,ALASKA REGIONAL HOSPITAL,2801 DEBARR ROAD,ANCHORAGE,99508,ANCHORAGE,9072761131
20017,ALASKA REGIONAL HOSPITAL,2801 DEBARR ROAD,ANCHORAGE,99508,ANCHORAGE,9072761131
20017,ALASKA REGIONAL HOSPITAL,2801 DEBARR ROAD,ANCHORAGE,99508,ANCHORAGE,9072761131
20017,ALASKA REGIONAL HOSPITAL,2801 DEBARR ROAD,ANCHORAGE,99508,ANCHORAGE,9072761131
20017,ALASKA REGIONAL HOSPITAL,2801 DEBARR ROAD,ANCHORAGE,99508,ANCHORAGE,9072761131
20017,ALASKA REGIONAL HOSPITAL,2801 DEBARR ROAD,ANCHORAGE,99508,ANCHORAGE,9072761131
20017,ALASKA REGIONAL HOSPITAL,2801 DEBARR ROAD,ANCHORAGE,99508,ANCHORAGE,9072761131
20017,ALASKA REGIONAL HOSPITAL,2801 DEBARR ROAD,ANCHORAGE,99508,ANCHORAGE,9072761131
20017,ALASKA REGIONAL HOSPITAL,2801 DEBARR ROAD,ANCHORAGE,99508,ANCHORAGE,9072761131
20017,ALASKA REGIONAL HOSPITAL,2801 DEBARR ROAD,ANCHORAGE,99508,ANCHORAGE,9072761131
20017,ALASKA REGIONAL HOSPITAL,2801 DEBARR ROAD,ANCHORAGE,99508,ANCHORAGE,9072761131
20017,ALASKA REGIONAL HOSPITAL,2801 DEBARR ROAD,ANCHORAGE,99508,ANCHORAGE,9072761131
20017,ALASKA REGIONAL HOSPITAL,2801 DEBARR ROAD,ANCHORAGE,99508,ANCHORAGE,9072761131
20017,ALASKA REGIONAL HOSPITAL,2801 DEBARR ROAD,ANCHORAGE,99508,ANCHORAGE,9072761131
20017,ALASKA REGIONAL HOSPITAL,2801 DEBARR ROAD,ANCHORAGE,99508,ANCHORAGE,9072761131
20017,ALASKA REGIONAL HOSPITAL,2801 DEBARR ROAD,ANCHORAGE,99508,ANCHORAGE,9072761131
20017,ALASKA REGIONAL HOSPITAL,2801 DEBARR ROAD,ANCHORAGE,99508,ANCHORAGE,9072761131
20018,YUKON KUSKOKWIM DELTA REG HOSPITAL,PO BOX 287,BETHEL,99559,BETHEL,9075436300
20018,YUKON KUSKOKWIM DELTA REG HOSPITAL,PO BOX 287,BETHEL,99559,BETHEL,9075436300
10019,HELEN KELLER MEMORIAL HOSPITAL,1300 SOUTH MONTGOMERY AVENUE,SHEFFIELD,35660,JEFFERSON,2563864556
10019,HELEN KELLER MEMORIAL HOSPITAL,1300 SOUTH MONTGOMERY AVENUE,SHEFFIELD,35660,JEFFERSON,2563864556
10019,HELEN KELLER MEMORIAL HOSPITAL,1300 SOUTH MONTGOMERY AVENUE,SHEFFIELD,35660,JEFFERSON,2563864556
10019,HELEN KELLER MEMORIAL HOSPITAL,1300 SOUTH MONTGOMERY AVENUE,SHEFFIELD,35660,JEFFERSON,2563864556
10019,HELEN KELLER MEMORIAL HOSPITAL,1300 SOUTH MONTGOMERY AVENUE,SHEFFIELD,35660,JEFFERSON,2563864556
10019,HELEN KELLER MEMORIAL HOSPITAL,1300 SOUTH MONTGOMERY AVENUE,SHEFFIELD,35660,JEFFERSON,2563864556
10019,HELEN KELLER MEMORIAL HOSPITAL,1300 SOUTH MONTGOMERY AVENUE,SHEFFIELD,35660,JEFFERSON,2563864556
10019,HELEN KELLER MEMORIAL HOSPITAL,1300 SOUTH MONTGOMERY AVENUE,SHEFFIELD,35660,JEFFERSON,2563864556
10019,HELEN KELLER MEMORIAL HOSPITAL,1300 SOUTH MONTGOMERY AVENUE,SHEFFIELD,35660,JEFFERSON,2563864556
10019,HELEN KELLER MEMORIAL HOSPITAL,1300 SOUTH MONTGOMERY AVENUE,SHEFFIELD,35660,JEFFERSON,2563864556
10019,HELEN KELLER MEMORIAL HOSPITAL,1300 SOUTH MONTGOMERY AVENUE,SHEFFIELD,35660,JEFFERSON,2563864556
10019,HELEN KELLER MEMORIAL HOSPITAL,1300 SOUTH MONTGOMERY AVENUE,SHEFFIELD,35660,JEFFERSON,2563864556
10019,HELEN KELLER MEMORIAL HOSPITAL,1300 SOUTH MONTGOMERY AVENUE,SHEFFIELD,35660,JEFFERSON,2563864556
10019,HELEN KELLER MEMORIAL HOSPITAL,1300 SOUTH MONTGOMERY AVENUE,SHEFFIELD,35660,JEFFERSON,2563864556
10021,DALE MEDICAL CENTER,126 HOSPITAL AVE,OZARK,36360,DALE,3347742601
10021,DALE MEDICAL CENTER,126 HOSPITAL AVE,OZARK,36360,DALE,3347742601
10021,DALE MEDICAL CENTER,126 HOSPITAL AVE,OZARK,36360,DALE,3347742601
10021,DALE MEDICAL CENTER,126 HOSPITAL AVE,OZARK,36360,DALE,3347742601
10021,DALE MEDICAL CENTER,126 HOSPITAL AVE,OZARK,36360,DALE,3347742601
10021,DALE MEDICAL CENTER,126 HOSPITAL AVE,OZARK,36360,DALE,3347742601
10021,DALE MEDICAL CENTER,126 HOSPITAL AVE,OZARK,36360,DALE,3347742601
10021,DALE MEDICAL CENTER,126 HOSPITAL AVE,OZARK,36360,DALE,3347742601
10021,DALE MEDICAL CENTER,126 HOSPITAL AVE,OZARK,36360,DALE,3347742601
10021,DALE MEDICAL CENTER,126 HOSPITAL AVE,OZARK,36360,DALE,3347742601
10021,DALE MEDICAL CENTER,126 HOSPITAL AVE,OZARK,36360,DALE,3347742601
10021,DALE MEDICAL CENTER,126 HOSPITAL AVE,OZARK,36360,DALE,3347742601
10021,DALE MEDICAL CENTER,126 HOSPITAL AVE,OZARK,36360,DALE,3347742601
10021,DALE MEDICAL CENTER,126 HOSPITAL AVE,OZARK,36360,DALE,3347742601
10021,DALE MEDICAL CENTER,126 HOSPITAL AVE,OZARK,36360,DALE,3347742601
10021,DALE MEDICAL CENTER,126 HOSPITAL AVE,OZARK,36360,DALE,3347742601
10021,DALE MEDICAL CENTER,126 HOSPITAL AVE,OZARK,36360,DALE,3347742601
10021,DALE MEDICAL CENTER,126 HOSPITAL AVE,OZARK,36360,DALE,3347742601
10021,DALE MEDICAL CENTER,126 HOSPITAL AVE,OZARK,36360,DALE,3347742601
10021,DALE MEDICAL CENTER,126 HOSPITAL AVE,OZARK,36360,DALE,3347742601
10021,DALE MEDICAL CENTER,126 HOSPITAL AVE,OZARK,36360,DALE,3347742601
10021,DALE MEDICAL CENTER,126 HOSPITAL AVE,OZARK,36360,DALE,3347742601
10021,DALE MEDICAL CENTER,126 HOSPITAL AVE,OZARK,36360,DALE,3347742601
10021,DALE MEDICAL CENTER,126 HOSPITAL AVE,OZARK,36360,DALE,3347742601
10021,DALE MEDICAL CENTER,126 HOSPITAL AVE,OZARK,36360,DALE,3347742601
10022,CHEROKEE MEDICAL CENTER,400 NORTHWOOD DR,CENTRE,35960,CHEROKEE,2569275531
10022,CHEROKEE MEDICAL CENTER,400 NORTHWOOD DR,CENTRE,35960,CHEROKEE,2569275531
10022,CHEROKEE MEDICAL CENTER,400 NORTHWOOD DR,CENTRE,35960,CHEROKEE,2569275531
10022,CHEROKEE MEDICAL CENTER,400 NORTHWOOD DR,CENTRE,35960,CHEROKEE,2569275531
10022,CHEROKEE MEDICAL CENTER,400 NORTHWOOD DR,CENTRE,35960,CHEROKEE,2569275531
10022,CHEROKEE MEDICAL CENTER,400 NORTHWOOD DR,CENTRE,35960,CHEROKEE,2569275531
10022,CHEROKEE MEDICAL CENTER,400 NORTHWOOD DR,CENTRE,35960,CHEROKEE,2569275531
10022,CHEROKEE MEDICAL CENTER,400 NORTHWOOD DR,CENTRE,35960,CHEROKEE,2569275531
10022,CHEROKEE MEDICAL CENTER,400 NORTHWOOD DR,CENTRE,35960,CHEROKEE,2569275531
